area,room,toilet,lat,long,price-VND,quan-code,loai_bds-code,price-per-m2
120,4,6,16.03346,108.23031,100000,2,12,833
120,4,5,16.07079,108.22511,100000,2,14,833
100,4,4,16.09227,108.23095,687000,5,14,6870
95,3,4,16.02611,108.24381,1000000,4,14,10526
800,4,6,16.02983,108.25417,1000000,4,12,1250
50,3,4,16.08417,108.21861,3000000,2,13,60000
134,0,0,16.02268,108.24644,6000000,4,7,44776
77,2,2,16.0598,108.23051,12000000,5,0,155844
100,0,0,16.0734,108.22889,17000000,5,7,170000
1263,0,0,16.03746,108.0676,22000000,0,7,17418
52,0,0,16.0854,108.23467,26000000,5,7,500000
120,4,6,16.03346,108.23031,100000000,2,14,833333
105,3,2,16.03851,108.24755,200000000,4,0,1904761
200,0,0,16.03277,108.22202,549000000,2,10,2745000
26,0,0,16.0608,108.20521,640000000,6,0,24615384
150,0,0,15.96468,108.21197,680000000,0,7,4533333
31,0,0,16.06352,108.20856,850000000,6,0,27419354
68,2,0,15.99107,108.23758,900000000,4,0,13235294
68,2,2,15.98635,108.25687,900000000,4,0,13235294
120,4,5,16.03346,108.23031,1000000000,2,14,8333333
70,2,2,16.10909,108.13038,1000000000,3,0,14285714
74,2,2,16.1061,108.13558,1000000000,3,1,13513513
427,4,6,16.02983,108.25417,1000000000,4,12,2341920
1000,0,0,16.02983,108.25417,1000000000,4,7,1000000
68,2,2,15.98635,108.25687,1200000000,4,0,17647058
150,0,0,16.09775,108.08974,1200000000,0,7,8000000
70,2,2,15.99107,108.23758,1300000000,4,0,18571428
93,2,2,16.05067,108.15756,1350000000,3,14,14516129
100,1,1,15.99388,108.23889,1450000000,4,13,14500000
90,2,1,16.01518,108.19293,1500000000,1,13,16666666
32,1,1,16.04335,108.22148,1520000000,2,13,47500000
24,1,2,16.07371,108.21071,1650000000,6,13,68750000
35,3,2,16.06851,108.20916,1700000000,6,13,48571428
52,1,1,16.0558,108.22367,1700000000,2,0,32692307
66,2,2,16.05224,108.24686,1750000000,4,0,26515151
25,2,2,16.07243,108.20271,1780000000,6,13,71200000
30,2,2,16.06851,108.20916,1790000000,6,13,59666666
100,0,0,16.05192,108.16724,1800000000,3,5,18000000
22,2,2,16.06756,108.20497,1800000000,6,13,81818181
72,2,3,15.98635,108.25687,1800000000,4,0,25000000
42,3,2,16.02531,108.21319,1800000000,1,14,42857142
310,0,0,16.07686,108.23455,1850000000,5,7,5967741
65,2,1,16.05222,108.17557,1850000000,1,13,28461538
90,4,6,16.02983,108.25417,1900000000,4,14,21111111
30,2,1,16.06791,108.20152,1940000000,6,13,64666666
45,2,1,16.06268,108.21976,1950000000,2,13,43333333
43,2,2,16.06964,108.20322,1950000000,6,13,45348837
40,2,2,16.0252,108.21356,1950000000,1,14,48750000
66,2,2,16.05347,108.24648,1950000000,4,0,29545454
50,1,1,16.07371,108.21071,1970000000,6,13,39400000
72,2,2,15.98635,108.25687,2000000000,4,0,27777777
72,2,2,16.01971,108.25581,2000000000,4,0,27777777
72,2,2,16.01971,108.25581,2000000000,4,0,27777777
72,2,2,15.99392,108.25497,2000000000,4,0,27777777
45,2,2,16.06268,108.21976,2000000000,2,13,44444444
72,2,2,15.98635,108.25687,2000000000,4,0,27777777
53,3,2,16.05515,108.21731,2000000000,2,13,37735849
72,2,2,15.98635,108.25687,2000000000,4,0,27777777
92,3,2,16.05799,108.15665,2050000000,3,13,22282608
80,2,2,16.0143,108.19913,2080000000,1,13,26000000
100,0,0,16.05192,108.16724,2100000000,3,5,21000000
42,1,1,16.07031,108.24423,2100000000,5,0,50000000
40,3,2,16.04335,108.22148,2100000000,2,13,52500000
55,2,1,16.05827,108.174,2150000000,1,13,39090909
100,2,2,16.05192,108.16724,2199000000,3,14,21990000
150,0,0,16.09512,108.13844,2200000000,3,5,14666666
182,0,0,16.02983,108.25417,2200000000,4,7,12087912
65,0,0,16.06793,108.18581,2200000000,6,5,33846153
40,2,3,16.06851,108.20916,2200000000,6,13,55000000
52,0,0,16.06756,108.24001,2200000000,5,4,42307692
64,2,2,16.08011,108.21995,2300000000,2,0,35937500
85,0,0,16.03718,108.24387,2300000000,4,7,27058823
71,1,2,16.08011,108.21995,2300000000,2,0,32394366
71,1,2,16.08011,108.21995,2300000000,2,0,32394366
51,0,0,16.05515,108.21731,2300000000,2,7,45098039
70,2,2,16.08024,108.22089,2300000000,2,0,32857142
108,0,0,15.99246,108.21312,2300000000,1,7,21296296
85,0,0,16.03718,108.24387,2300000000,4,7,27058823
61,3,3,16.08428,108.15575,2300000000,3,14,37704918
64,2,2,16.08011,108.21995,2350000000,2,0,36718750
67,0,0,16.06756,108.20497,2370000000,6,7,35373134
54,3,2,16.05448,108.18343,2375000000,6,13,43981481
150,0,0,16.05192,108.16724,2380000000,3,5,15866666
118,0,0,15.99961,108.206,2400000000,0,7,20338983
84,2,2,16.08475,108.24007,2400000000,5,13,28571428
120,0,0,15.99961,108.206,2400000000,0,7,20000000
57,3,3,16.07222,108.1833,2450000000,6,13,42982456
56,3,4,16.06633,108.18203,2450000000,6,13,43750000
67,2,2,16.05347,108.24648,2450000000,4,0,36567164
48,2,2,16.08597,108.21839,2480000000,2,9,51666666
114,3,3,16.05461,108.24057,2490000000,5,14,21842105
150,0,0,16.05192,108.16724,2500000000,3,5,16666666
70,2,1,16.10909,108.13038,2500000000,3,9,35714285
84,0,0,16.06063,108.21655,2500000000,2,7,29761904
100,0,0,16.00641,108.23998,2500000000,4,7,25000000
85,0,0,15.9803,108.25236,2500000000,4,7,29411764
63,2,1,16.02035,108.20494,2500000000,1,13,39682539
105,3,2,16.03851,108.24755,2500000000,4,0,23809523
54,3,2,16.0668,108.21416,2550000000,6,13,47222222
54,1,1,16.05406,108.2194,2550000000,2,13,47222222
70,5,4,16.05817,108.20961,2550000000,6,13,36428571
35,4,3,16.06192,108.22171,2550000000,2,13,72857142
95,0,0,15.99477,108.20297,2550000000,0,7,26842105
85,3,3,16.03406,108.17856,2550000000,1,13,30000000
300,0,0,15.97968,108.21498,2600000000,1,7,8666666
100,0,0,16.00641,108.23998,2600000000,4,7,26000000
210,0,0,16.04797,108.15633,2600000000,3,7,12380952
100,0,0,16.09512,108.13844,2630000000,3,5,26300000
52,2,1,16.0854,108.23467,2650000000,5,14,50961538
44,2,2,16.07371,108.21071,2650000000,6,13,60227272
100,0,0,15.99033,108.26709,2690000000,4,7,26900000
80,2,1,16.03553,108.21571,2690000000,2,13,33625000
125,0,0,16.09512,108.13844,2700000000,3,5,21600000
117,3,2,16.06326,108.21063,2700000000,6,8,23076923
115,3,2,16.06688,108.1799,2700000000,6,13,23478260
175,10,10,16.0799,108.13589,2700000000,3,14,15428571
72,2,1,16.08286,108.16059,2700000000,3,14,37500000
100,2,1,15.98276,108.21213,2700000000,1,14,27000000
150,0,0,16.05192,108.16724,2700000000,3,5,18000000
175,3,3,16.0799,108.13589,2700000000,3,14,15428571
75,2,2,16.0558,108.22367,2700000000,2,0,36000000
150,0,0,16.05192,108.16724,2700000000,3,5,18000000
100,0,0,15.99033,108.26709,2750000000,4,7,27500000
90,0,0,16.05243,108.1776,2750000000,1,7,30555555
125,0,0,16.09512,108.13844,2795000000,3,5,22360000
81,0,0,16.02577,108.20979,2800000000,1,7,34567901
88,3,2,15.98326,108.25256,2800000000,4,14,31818181
90,0,0,15.98635,108.25687,2800000000,4,5,31111111
87,3,2,15.97796,108.26199,2800000000,4,14,32183908
81,0,0,16.02577,108.20979,2800000000,1,7,34567901
88,3,2,15.98326,108.25256,2800000000,4,14,31818181
252,3,4,16.07331,108.24296,2800000000,5,12,11111111
125,0,0,16.09512,108.13844,2800000000,3,5,22400000
87,3,2,15.98635,108.25687,2800000000,4,14,32183908
90,2,2,15.98635,108.25687,2800000000,4,0,31111111
78,3,3,16.09512,108.13844,2800000000,3,1,35897435
50,0,0,16.06606,108.18659,2850000000,6,7,57000000
48,3,2,16.0597,108.21212,2850000000,6,13,59375000
52,0,0,16.07867,108.22043,2850000000,2,7,54807692
82,2,2,16.09384,108.24476,2870000000,5,0,35000000
83,2,2,16.09384,108.24476,2870000000,5,0,34578313
40,2,2,16.0608,108.20521,2879000000,6,13,71975000
63,2,2,16.04404,108.22296,2899000000,2,13,46015873
85,0,0,16.02974,108.242,2900000000,4,7,34117647
150,0,0,16.05192,108.16724,2900000000,3,5,19333333
42,3,4,16.05173,108.22054,2900000000,2,13,69047619
74,2,2,16.1061,108.13558,2900000000,3,1,39189189
61,3,3,16.06306,108.24195,2900000000,5,9,47540983
74,2,2,16.1061,108.13558,2900000000,3,3,39189189
150,0,0,16.05192,108.16724,2900000000,3,5,19333333
120,2,2,16.05448,108.18343,2930000000,6,13,24416666
60,3,3,16.05676,108.16851,2950000000,3,13,49166666
90,0,0,16.04454,108.21522,2950000000,2,9,32777777
49,3,3,16.0669,108.21225,2950000000,6,13,60204081
45,3,2,16.0779,108.21025,2950000000,2,13,65555555
45,3,3,16.06063,108.21655,2990000000,2,13,66444444
75,3,3,16.1061,108.13558,2990000000,3,1,39866666
70,2,2,16.0377,108.21407,3000000000,2,13,42857142
62,1,1,16.03851,108.24755,3000000000,4,0,48387096
88,4,2,16.06791,108.20152,3000000000,6,13,34090909
62,1,1,16.03851,108.24755,3000000000,4,0,48387096
85,4,2,16.07243,108.20271,3000000000,6,13,35294117
50,3,4,16.08417,108.21861,3000000000,2,13,60000000
85,4,2,16.07243,108.20271,3000000000,6,13,35294117
80,4,3,16.06826,108.18784,3050000000,6,13,38125000
67,3,3,16.06531,108.23834,3090000000,5,13,46119402
85,2,1,16.06228,108.237,3090000000,5,9,36352941
94,0,0,16.01245,108.25361,3090000000,4,7,32872340
67,4,3,16.06531,108.23834,3090000000,5,13,46119402
85,2,1,16.06228,108.237,3090000000,5,13,36352941
50,3,3,16.0789,108.21699,3100000000,2,13,62000000
74,2,2,16.1061,108.13558,3100000000,3,0,41891891
60,0,0,16.05085,108.24319,3100000000,4,7,51666666
94,0,0,16.01245,108.25361,3100000000,4,7,32978723
94,0,0,15.98728,108.26717,3100000000,4,7,32978723
110,0,0,15.99107,108.23758,3100000000,4,7,28181818
45,3,3,16.06063,108.21655,3100000000,2,13,68888888
70,3,2,16.04454,108.21522,3100000000,2,13,44285714
90,7,7,15.9809,108.25448,3100000000,4,14,34444444
86,3,2,16.06557,108.192,3130000000,6,13,36395348
60,4,3,16.05817,108.20961,3150000000,6,13,52500000
56,4,2,16.07243,108.20271,3190000000,6,13,56964285
120,0,0,16.02268,108.24644,3200000000,4,7,26666666
90,0,0,16.07345,108.16578,3200000000,3,7,35555555
60,0,0,16.08591,108.23199,3200000000,5,7,53333333
80,0,0,16.02617,108.24185,3200000000,4,7,40000000
55,3,3,16.08562,108.21912,3200000000,2,13,58181818
50,3,2,16.06352,108.20856,3200000000,6,13,64000000
72,2,2,16.09256,108.2308,3200000000,5,14,44444444
80,0,0,16.02611,108.24381,3200000000,4,7,40000000
50,3,2,16.06352,108.20856,3200000000,6,9,64000000
82,2,1,16.03851,108.24755,3200000000,4,0,39024390
50,3,2,16.06352,108.20856,3200000000,6,9,64000000
55,3,3,16.08562,108.21912,3200000000,2,13,58181818
54,1,1,16.1061,108.13558,3200000000,3,1,59259259
70,2,1,16.04156,108.22326,3250000000,2,13,46428571
100,3,2,16.00641,108.23998,3290000000,4,14,32900000
82,2,2,16.03851,108.24755,3300000000,4,0,40243902
75,3,2,16.07516,108.23167,3300000000,5,13,44000000
105,0,0,16.09579,108.22874,3300000000,5,7,31428571
78,2,2,16.0603,108.23628,3300000000,5,13,42307692
160,3,3,16.08412,108.16158,3300000000,3,12,20625000
93,0,0,16.00881,108.21744,3350000000,1,7,36021505
75,2,2,16.07507,108.16997,3350000000,3,14,44666666
75,2,2,16.07507,108.16997,3350000000,3,14,44666666
82,2,2,16.03851,108.24755,3400000000,4,0,41463414
60,4,4,16.05676,108.16851,3400000000,3,13,56666666
86,0,0,16.10043,108.25233,3400000000,5,7,39534883
62,2,2,16.03851,108.24755,3400000000,4,0,54838709
60,3,3,16.05159,108.20989,3400000000,2,13,56666666
62,2,1,16.03851,108.24755,3400000000,4,0,54838709
50,3,2,16.06352,108.20856,3400000000,6,13,68000000
53,1,1,16.08881,108.22049,3400000000,2,0,64150943
100,3,2,15.99639,108.21336,3400000000,1,14,34000000
82,2,2,16.03851,108.24755,3449000000,4,0,42060975
75,3,2,16.07687,108.22035,3450000000,2,13,46000000
56,3,1,16.08656,108.23388,3450000000,5,14,61607142
82,0,0,16.04361,108.20663,3450000000,2,7,42073170
100,3,2,15.99476,108.21192,3450000000,1,14,34500000
100,0,0,15.99246,108.21312,3490000000,1,7,34900000
102,0,0,15.9922,108.26839,3490000000,4,7,34215686
82,2,2,16.03851,108.24755,3499000000,4,0,42670731
86,0,0,16.03506,108.23964,3500000000,4,7,40697674
83,2,2,15.99582,108.26936,3500000000,4,0,42168674
105,3,2,16.03851,108.24755,3500000000,4,0,33333333
85,0,0,16.03506,108.23964,3500000000,4,7,41176470
50,2,2,16.05504,108.23528,3500000000,5,14,70000000
62,2,1,16.03851,108.24755,3500000000,4,0,56451612
70,0,0,16.07067,108.21568,3500000000,2,7,50000000
82,2,2,16.03851,108.24755,3500000000,4,0,42682926
90,3,2,16.05344,108.16739,3500000000,3,14,38888888
83,2,2,16.03851,108.24755,3500000000,4,0,42168674
83,2,2,16.03851,108.24755,3500000000,4,0,42168674
75,0,0,16.09256,108.2308,3500000000,5,7,46666666
50,2,2,16.05504,108.23528,3500000000,5,14,70000000
92,4,2,16.06578,108.20387,3500000000,6,13,38043478
51,3,4,16.07688,108.21215,3500000000,2,13,68627450
51,3,4,16.07688,108.21215,3500000000,2,14,68627450
105,3,2,16.03851,108.24755,3500000000,4,0,33333333
105,3,3,16.03851,108.24755,3500000000,4,0,33333333
82,2,2,16.03851,108.24755,3500000000,4,0,42682926
107,2,2,15.99582,108.26936,3500000000,4,0,32710280
61,2,2,16.06191,108.23652,3500000000,5,0,57377049
50,3,3,16.04415,108.21923,3530000000,2,13,70600000
58,3,3,16.07481,108.21054,3549000000,6,13,61189655
100,0,0,16.01451,108.22781,3550000000,1,7,35500000
123,3,3,16.05861,108.21823,3550000000,2,13,28861788
90,2,2,16.0597,108.21212,3550000000,6,13,39444444
58,3,2,16.07481,108.21054,3550000000,6,13,61206896
53,3,2,16.05515,108.21731,3580000000,2,14,67547169
53,3,2,16.05515,108.21731,3580000000,2,13,67547169
53,3,2,16.05515,108.21731,3580000000,2,14,67547169
53,3,2,16.05515,108.21731,3580000000,2,14,67547169
53,3,2,16.05515,108.21731,3580000000,2,14,67547169
53,3,2,16.05515,108.21731,3580000000,2,14,67547169
53,3,2,16.05515,108.21731,3580000000,2,13,67547169
53,3,3,16.05515,108.21731,3580000000,2,13,67547169
55,3,2,16.05504,108.23528,3590000000,5,14,65272727
41,4,3,16.06746,108.19719,3590000000,6,13,87560975
65,3,4,16.05448,108.18343,3590000000,6,13,55230769
43,2,1,16.09023,108.24266,3600000000,5,14,83720930
100,0,0,16.01559,108.2225,3600000000,1,7,36000000
100,0,0,16.01412,108.19179,3600000000,1,5,36000000
85,3,1,16.03506,108.23964,3600000000,4,14,42352941
43,2,1,16.09023,108.24266,3600000000,5,14,83720930
85,0,0,16.09447,108.23031,3600000000,5,7,42352941
69,3,3,16.04076,108.21777,3600000000,2,13,52173913
100,2,2,16.01533,108.22171,3600000000,1,14,36000000
62,2,1,16.03851,108.24755,3650000000,4,0,58870967
100,0,0,16.01451,108.22781,3650000000,1,7,36500000
100,0,0,15.98983,108.21364,3650000000,1,7,36500000
99,0,0,16.01171,108.21869,3650000000,1,7,36868686
58,0,0,16.05638,108.24681,3680000000,4,7,63448275
105,3,2,16.04698,108.17251,3690000000,1,14,35142857
75,0,0,16.07747,108.21258,3700000000,2,7,49333333
60,2,2,16.05577,108.23296,3700000000,5,13,61666666
82,2,1,16.03851,108.24755,3700000000,4,0,45121951
90,4,4,16.02983,108.25417,3700000000,4,14,41111111
75,0,0,16.08737,108.2457,3700000000,5,7,49333333
150,0,0,16.05192,108.16724,3700000000,3,5,24666666
100,2,2,15.99107,108.23758,3700000000,4,14,37000000
85,0,0,16.09447,108.23031,3700000000,5,7,43529411
83,2,2,16.03851,108.24755,3700000000,4,0,44578313
75,3,3,16.07875,108.16616,3750000000,3,14,50000000
75,3,3,16.07875,108.16616,3750000000,3,14,50000000
75,3,3,16.07875,108.16616,3750000000,3,14,50000000
83,2,2,16.03851,108.24755,3750000000,4,0,45180722
60,3,3,16.05676,108.16851,3750000000,3,13,62500000
34,2,2,16.09384,108.24476,3750000000,5,14,110294117
75,3,3,16.07875,108.16616,3750000000,3,14,50000000
68,3,4,16.04076,108.21777,3779000000,2,13,55573529
55,3,2,16.05504,108.23528,3800000000,5,14,69090909
42,4,3,16.05142,108.22233,3800000000,2,13,90476190
83,2,1,16.03851,108.24755,3800000000,4,14,45783132
106,0,0,16.01971,108.25581,3800000000,4,5,35849056
85,2,1,16.09447,108.23031,3800000000,5,14,44705882
125,3,2,16.05026,108.17358,3800000000,1,14,30400000
69,3,2,16.09412,108.2287,3800000000,5,13,55072463
69,3,2,16.09412,108.2287,3800000000,5,13,55072463
121,0,0,16.04513,108.211,3800000000,2,7,31404958
34,2,2,16.09384,108.24476,3800000000,5,14,111764705
120,0,0,16.00005,108.21795,3800000000,1,5,31666666
42,4,3,16.05329,108.22126,3800000000,2,14,90476190
62,2,1,16.03851,108.24755,3800000000,4,14,61290322
85,2,1,16.09447,108.23031,3800000000,5,14,44705882
81,3,2,16.02842,108.24583,3850000000,4,14,47530864
42,3,3,16.08097,108.21884,3850000000,2,13,91666666
70,3,2,16.04682,108.20867,3850000000,2,13,55000000
50,3,3,16.07538,108.21125,3850000000,2,13,77000000
73,2,2,16.02577,108.20979,3900000000,1,14,53424657
73,0,0,16.02577,108.20979,3900000000,1,14,53424657
90,6,5,16.07371,108.21071,3900000000,6,13,43333333
60,4,4,16.04454,108.21522,3900000000,2,14,65000000
73,3,3,16.02577,108.20979,3900000000,1,14,53424657
100,0,0,16.11587,108.2966,3900000000,5,7,39000000
63,2,2,16.07733,108.2155,3900000000,2,13,61904761
73,2,3,16.02577,108.20979,3900000000,1,14,53424657
58,2,2,16.05577,108.23296,3900000000,5,14,67241379
73,2,2,16.02577,108.20979,3900000000,1,14,53424657
73,3,3,16.02577,108.20979,3900000000,1,14,53424657
73,3,3,16.02577,108.20979,3900000000,1,14,53424657
155,3,2,16.08428,108.15575,3900000000,3,14,25161290
82,2,2,16.03851,108.24755,3900000000,4,0,47560975
75,9,6,16.06838,108.19679,3900000000,6,13,52000000
58,2,2,16.05504,108.23528,3900000000,5,14,67241379
73,2,2,16.02577,108.20979,3900000000,1,14,53424657
75,9,6,16.06838,108.19679,3900000000,6,13,52000000
155,3,2,16.08428,108.15575,3900000000,3,14,25161290
90,0,0,16.10454,108.25893,3900000000,5,7,43333333
73,3,3,16.02577,108.20979,3900000000,1,14,53424657
63,2,2,16.07733,108.2155,3900000000,2,13,61904761
44,3,3,16.06746,108.19719,3900000000,6,13,88636363
63,2,2,16.07733,108.2155,3900000000,2,13,61904761
58,2,1,16.08922,108.21798,3949000000,2,14,68086206
48,3,3,16.0789,108.21699,3950000000,2,13,82291666
56,0,0,16.08954,108.21764,3950000000,2,14,70535714
75,3,4,16.07191,108.17987,3950000000,6,13,52666666
59,2,1,16.08922,108.21798,3950000000,2,14,66949152
100,0,0,16.01834,108.22411,3950000000,1,7,39500000
61,0,0,16.04402,108.23856,3950000000,4,7,64754098
95,0,0,16.02826,108.24208,3950000000,4,7,41578947
80,4,4,16.05448,108.18343,3980000000,6,13,49750000
80,3,3,16.04915,108.18531,3980000000,6,13,49750000
61,5,3,16.06793,108.18581,3990000000,6,13,65409836
80,3,2,16.0721,108.22971,3999000000,5,13,49987500
80,2,2,16.0558,108.22367,4000000000,2,0,50000000
90,3,2,16.01882,108.19493,4000000000,1,14,44444444
43,2,1,16.09023,108.24266,4000000000,5,14,93023255
62,2,2,16.1061,108.13558,4000000000,3,0,64516129
60,2,2,16.05655,108.24693,4000000000,5,0,66666666
100,2,2,16.00969,108.20653,4000000000,1,14,40000000
60,2,2,16.07031,108.24423,4000000000,5,0,66666666
1354,0,0,16.03746,108.0676,4000000000,0,7,2954209
105,3,2,16.03851,108.24755,4000000000,4,0,38095238
90,6,5,16.07371,108.21071,4000000000,6,13,44444444
75,3,2,16.08669,108.24492,4000000000,5,14,53333333
100,0,0,16.06009,108.18561,4000000000,6,14,40000000
43,2,1,16.09023,108.24266,4000000000,5,14,93023255
85,3,3,16.06702,108.20747,4050000000,6,13,47647058
100,2,2,16.06688,108.1799,4050000000,6,13,40500000
82,2,2,16.03851,108.24755,4100000000,4,0,50000000
59,2,1,16.08922,108.21798,4100000000,2,14,69491525
67,3,2,16.06166,108.24544,4100000000,5,13,61194029
59,2,1,16.08922,108.21798,4100000000,2,14,69491525
92,4,4,16.05222,108.17557,4100000000,1,14,44565217
85,3,2,16.05799,108.15665,4100000000,3,14,48235294
80,8,8,16.03328,108.22257,4200000000,2,13,52500000
84,2,3,16.09302,108.24266,4200000000,5,14,50000000
100,3,3,16.01412,108.19179,4200000000,1,14,42000000
105,3,3,16.06009,108.18561,4200000000,6,14,40000000
75,1,1,16.07729,108.17301,4200000000,6,14,56000000
196,3,1,16.06812,108.15036,4200000000,3,14,21428571
95,0,0,16.02637,108.24249,4200000000,4,7,44210526
100,3,3,16.0096,108.22451,4200000000,1,14,42000000
83,3,2,16.05261,108.20901,4250000000,2,13,51204819
105,0,0,16.08011,108.16358,4250000000,3,7,40476190
105,0,0,16.08011,108.16358,4250000000,3,7,40476190
67,3,3,16.05962,108.20926,4280000000,6,13,63880597
71,1,1,16.08565,108.23356,4280000000,5,14,60281690
107,4,3,16.04797,108.15633,4290000000,3,12,40093457
55,3,4,16.05817,108.20961,4290000000,6,13,78000000
102,2,2,16.00442,108.21512,4300000000,1,14,42156862
91,0,0,16.00425,108.22051,4300000000,1,7,47252747
100,0,0,16.02591,108.24014,4300000000,4,4,43000000
102,1,1,16.04433,108.2447,4300000000,4,14,42156862
80,2,2,16.06306,108.24195,4300000000,5,0,53750000
100,2,1,16.02474,108.24536,4300000000,4,14,43000000
94,0,0,15.9829,108.27331,4300000000,4,7,45744680
102,0,0,16.04433,108.2447,4300000000,4,7,42156862
52,0,0,16.04673,108.24238,4350000000,4,7,83653846
95,0,0,16.02594,108.24331,4350000000,4,7,45789473
54,3,3,16.06352,108.20856,4360000000,6,13,80740740
54,3,3,16.06352,108.20856,4360000000,6,13,80740740
60,3,4,16.06851,108.20916,4390000000,6,13,73166666
115,0,0,16.05362,108.23785,4399000000,4,7,38252173
75,4,4,16.03686,108.21903,4400000000,2,14,58666666
72,3,2,16.09335,108.22744,4400000000,5,14,61111111
102,0,0,16.04433,108.2447,4400000000,4,7,43137254
114,0,0,16.05638,108.24681,4400000000,4,7,38596491
90,0,0,15.9803,108.25236,4400000000,4,7,48888888
100,3,2,16.0096,108.22451,4450000000,1,14,44500000
85,3,2,16.03099,108.22059,4490000000,2,14,52823529
72,2,2,16.08946,108.23209,4490000000,5,14,62361111
80,2,2,16.05655,108.24693,4500000000,5,0,56250000
83,2,2,16.1061,108.13558,4500000000,3,0,54216867
51,2,2,16.0558,108.22367,4500000000,2,0,88235294
100,0,0,16.01898,108.25492,4500000000,4,7,45000000
80,2,2,16.1061,108.13558,4500000000,3,2,56250000
70,4,4,16.05823,108.21715,4500000000,2,13,64285714
60,0,1,16.03002,108.22549,4500000000,2,13,75000000
100,4,4,16.03277,108.22202,4500000000,2,14,45000000
85,3,2,16.05561,108.2387,4500000000,5,13,52941176
75,0,0,16.09352,108.24243,4500000000,5,7,60000000
105,3,2,16.03851,108.24755,4500000000,4,0,42857142
26,4,3,16.07243,108.20271,4500000000,6,14,173076923
70,4,4,16.08428,108.15575,4500000000,3,14,64285714
120,0,0,16.1061,108.13558,4500000000,3,7,37500000
140,0,0,16.05243,108.1776,4500000000,1,7,32142857
68,3,2,16.08061,108.21562,4500000000,2,14,66176470
71,3,3,16.05173,108.22054,4500000000,2,13,63380281
105,3,2,16.03851,108.24755,4500000000,4,0,42857142
90,0,0,16.02394,108.24095,4550000000,4,7,50555555
72,2,2,16.08946,108.23209,4550000000,5,13,63194444
43,1,1,16.04673,108.24238,4560000000,4,13,106046511
52,0,0,16.04969,108.24818,4600000000,4,7,88461538
124,1,1,16.0606,108.18981,4600000000,6,13,37096774
105,3,2,16.03851,108.24755,4600000000,4,0,43809523
100,3,3,16.05827,108.174,4600000000,1,14,46000000
54,3,4,16.07688,108.21215,4650000000,2,9,86111111
100,0,0,16.10663,108.25766,4650000000,5,7,46500000
75,3,2,16.03391,108.21354,4650000000,1,14,62000000
70,3,3,16.03114,108.22694,4700000000,2,14,67142857
70,3,3,16.03114,108.22694,4700000000,2,14,67142857
100,3,3,38.89037,-77.03196,4700000000,1,14,47000000
72,3,2,16.02898,108.21231,4700000000,1,14,65277777
70,3,3,16.03114,108.22694,4700000000,2,14,67142857
70,3,3,16.03114,108.22694,4700000000,2,14,67142857
73,2,2,16.03299,108.21183,4700000000,1,14,64383561
115,4,2,16.09203,108.24714,4700000000,5,14,40869565
96,0,0,16.08441,108.23604,4700000000,5,7,48958333
100,3,2,16.0058,108.2198,4700000000,1,14,47000000
64,2,3,16.04779,108.24168,4700000000,4,14,73437500
70,3,3,16.03114,108.22694,4700000000,2,14,67142857
78,2,2,16.03391,108.21354,4700000000,1,14,60256410
100,0,0,16.02611,108.24381,4700000000,4,7,47000000
89,0,0,16.03718,108.24387,4700000000,4,5,52808988
105,3,2,16.03851,108.24755,4725000000,4,0,45000000
100,0,0,16.01533,108.22171,4750000000,1,7,47500000
98,0,0,16.01533,108.22171,4750000000,1,7,48469387
100,4,3,16.01171,108.21869,4750000000,1,14,47500000
99,0,0,16.01533,108.22171,4750000000,1,7,47979797
122,3,3,16.05104,108.17479,4750000000,1,14,38934426
112,3,2,16.05515,108.21731,4750000000,2,13,42410714
100,3,4,16.01171,108.21869,4750000000,1,14,47500000
76,2,2,16.08881,108.22049,4800000000,2,0,63157894
97,4,4,16.07486,108.17162,4800000000,6,14,49484536
100,0,0,16.02611,108.24381,4800000000,4,7,48000000
90,3,3,16.03093,108.24605,4800000000,4,14,53333333
64,4,4,16.08526,108.21779,4800000000,2,14,75000000
81,0,0,16.03834,108.21744,4800000000,2,14,59259259
76,2,2,16.03195,108.22642,4800000000,2,14,63157894
89,3,4,16.05519,108.20532,4800000000,2,13,53932584
66,0,0,16.06556,108.2415,4800000000,5,7,72727272
97,4,4,16.07486,108.17162,4800000000,6,14,49484536
97,4,4,16.07486,108.17162,4800000000,6,14,49484536
60,0,0,16.04729,108.24194,4800000000,4,7,80000000
72,3,4,16.08286,108.16059,4800000000,3,14,66666666
97,4,4,16.07486,108.17162,4800000000,6,14,49484536
97,4,4,16.07486,108.17162,4800000000,6,14,49484536
90,1,1,16.08565,108.23356,4800000000,5,14,53333333
59,3,3,16.08922,108.21798,4850000000,2,14,82203389
75,3,2,16.05827,108.174,4850000000,1,14,64666666
80,3,2,16.05827,108.174,4850000000,1,14,60625000
85,3,3,16.08125,108.21714,4900000000,2,14,57647058
64,2,3,16.04779,108.24168,4900000000,4,14,76562500
121,0,0,16.02474,108.24536,4900000000,4,7,40495867
107,1,1,16.00641,108.23998,4900000000,4,14,45794392
58,2,2,16.07686,108.23455,4900000000,5,14,84482758
77,2,1,16.05559,108.23997,4950000000,5,14,64285714
55,3,4,16.05441,108.2118,4950000000,6,14,90000000
74,4,3,16.03409,108.21264,4950000000,1,14,66891891
78,4,5,16.0395,108.24862,4990000000,4,14,63974358
61,3,2,16.04744,108.24092,4990000000,4,14,81803278
90,3,2,16.09022,108.24169,4990000000,5,14,55444444
78,4,5,16.0395,108.24862,4990000000,4,14,63974358
55,6,6,16.07031,108.21342,5000000000,6,13,90909090
100,0,0,16.04355,108.23758,5000000000,4,7,50000000
64,2,2,16.06427,108.23062,5000000000,5,14,78125000
100,0,0,16.07331,108.24296,5000000000,5,7,50000000
100,0,0,16.02051,108.21143,5000000000,1,7,50000000
100,4,4,16.0098,108.21884,5000000000,1,14,50000000
80,0,0,16.03113,108.226,5000000000,2,14,62500000
75,3,2,16.03513,108.21985,5000000000,2,14,66666666
80,2,2,16.1061,108.13558,5000000000,3,0,62500000
80,2,2,16.05655,108.24693,5000000000,5,0,62500000
85,3,3,16.02252,108.21067,5200000000,1,14,61176470
72,0,0,16.03847,108.21274,5200000000,2,14,72222222
72,0,0,16.03847,108.21274,5200000000,2,14,72222222
128,0,0,16.09579,108.22874,5200000000,5,7,40625000
90,3,2,16.07405,108.22958,5200000000,5,14,57777777
53,2,2,16.049,108.24005,5200000000,4,14,98113207
56,2,2,16.06594,108.24045,5200000000,5,14,92857142
72,0,0,16.03847,108.21274,5200000000,2,14,72222222
100,0,0,16.01672,108.20859,5200000000,1,7,52000000
72,0,0,16.03847,108.21274,5200000000,2,14,72222222
85,2,2,16.07688,108.21215,5200000000,2,13,61176470
56,3,3,16.06764,108.24046,5200000000,5,14,92857142
90,3,3,16.06076,108.16968,5200000000,3,14,57777777
100,0,0,16.04717,108.23687,5200000000,4,7,52000000
81,3,3,16.06261,108.1914,5250000000,6,14,64814814
75,0,0,16.0752,108.24058,5300000000,5,7,70666666
90,3,4,16.01898,108.25492,5300000000,4,14,58888888
90,4,4,16.06076,108.16968,5300000000,3,14,58888888
85,0,0,16.02252,108.21067,5300000000,1,14,62352941
90,4,4,16.06076,108.16968,5300000000,3,14,58888888
100,3,2,16.08759,108.23913,5300000000,5,14,53000000
127,0,0,16.00005,108.21795,5300000000,1,7,41732283
90,4,4,16.06076,108.16968,5300000000,3,14,58888888
118,0,0,16.04611,108.24474,5300000000,4,7,44915254
100,3,3,15.98893,108.2077,5300000000,0,14,53000000
58,2,2,16.05783,108.21058,5490000000,6,13,94655172
79,4,4,16.07371,108.21071,5500000000,6,14,69620253
300,0,0,16.09512,108.13844,5500000000,3,5,18333333
78,0,0,16.05342,108.23435,5500000000,5,7,70512820
100,2,1,16.04355,108.23758,5500000000,4,14,55000000
240,0,0,16.01607,108.22902,5500000000,1,7,22916666
100,3,2,16.08441,108.23604,5500000000,5,14,55000000
69,5,6,16.04402,108.23856,5590000000,4,14,81014492
81,3,3,16.06261,108.1914,5600000000,6,14,69135802
80,2,2,16.03788,108.21496,5600000000,2,14,70000000
70,3,3,16.03309,108.21848,5600000000,2,14,80000000
92,2,1,16.04112,108.21221,5600000000,2,14,60869565
75,3,3,16.07338,108.16824,5600000000,3,14,74666666
70,3,3,16.03309,108.21848,5600000000,2,14,80000000
80,2,2,16.03788,108.21496,5600000000,2,14,70000000
80,4,4,16.05448,108.18343,5600000000,6,14,70000000
81,0,0,16.06261,108.1914,5600000000,6,14,69135802
69,3,2,16.06879,108.19998,5600000000,6,13,81159420
80,2,2,16.03788,108.21496,5600000000,2,14,70000000
66,2,2,16.06413,108.23249,5600000000,5,14,84848484
81,3,3,16.06261,108.1914,5600000000,6,14,69135802
81,3,3,16.06261,108.1914,5600000000,6,14,69135802
100,5,4,16.01792,108.2324,5600000000,1,14,56000000
59,3,4,16.07728,108.22003,5600000000,2,9,94915254
66,2,2,16.06413,108.23249,5600000000,5,14,84848484
81,3,3,16.06261,108.1914,5600000000,6,14,69135802
70,3,3,16.03309,108.21848,5600000000,2,14,80000000
66,2,2,16.06413,108.23249,5600000000,5,14,84848484
76,0,0,16.05762,108.23751,5650000000,5,7,74342105
101,2,3,16.04513,108.211,5650000000,2,13,55940594
76,2,1,16.0603,108.23628,5650000000,5,14,74342105
101,2,3,16.04513,108.211,5650000000,2,9,55940594
67,1,2,16.07686,108.23455,5650000000,5,14,84328358
100,3,4,16.01792,108.2324,5690000000,1,14,56900000
64,0,0,16.03473,108.21791,5700000000,2,14,89062500
99,2,2,16.04355,108.23758,5700000000,4,14,57575757
137,9,8,16.05085,108.24319,5700000000,4,13,41605839
54,4,3,16.07686,108.23455,5750000000,5,14,106481481
63,0,0,16.06016,108.21233,5800000000,6,14,92063492
97,0,0,16.08532,108.24269,5800000000,5,7,59793814
66,4,2,16.06413,108.23249,5800000000,5,14,87878787
70,4,4,16.03272,108.21844,5800000000,2,14,82857142
56,3,2,16.06802,108.24217,5800000000,5,14,103571428
69,0,0,16.06228,108.237,5800000000,5,14,84057971
108,4,2,16.0724,108.16904,5800000000,3,14,53703703
57,2,2,16.08283,108.21394,5800000000,2,14,101754385
90,4,3,16.10043,108.25233,5900000000,5,13,65555555
111,0,0,16.08281,108.23586,5900000000,5,7,53153153
80,3,3,16.06433,108.19121,5900000000,6,14,73750000
120,0,0,16.02611,108.24381,5900000000,4,7,49166666
117,2,2,16.06886,108.18597,5900000000,6,14,50427350
120,2,2,16.02874,108.21085,5950000000,1,14,49583333
100,0,0,16.01412,108.19179,5950000000,1,5,59500000
110,0,0,16.08281,108.23586,5990000000,5,7,54454545
125,3,4,15.98015,108.25316,5990000000,4,14,47920000
127,6,6,16.02474,108.24536,6000000000,4,14,47244094
84,4,3,16.03121,108.22883,6100000000,2,14,72619047
100,0,0,16.01694,108.22441,6100000000,1,7,61000000
100,3,2,16.02617,108.24185,6150000000,4,14,61500000
210,2,2,16.06301,108.1694,6200000000,3,14,29523809
105,10,10,16.05519,108.20532,6200000000,2,13,59047619
97,4,4,16.03799,108.24602,6200000000,4,14,63917525
72,4,3,16.03396,108.21722,6200000000,2,14,86111111
70,2,2,16.06594,108.24045,6200000000,5,14,88571428
86,0,0,16.03409,108.21264,6200000000,1,14,72093023
92,2,2,16.08881,108.22049,6200000000,2,0,67391304
86,2,3,16.03409,108.21264,6200000000,1,14,72093023
105,10,10,16.05519,108.20532,6200000000,2,13,59047619
105,10,10,16.05519,108.20532,6200000000,2,13,59047619
65,2,2,16.08283,108.21394,6250000000,2,14,96153846
79,0,0,16.06181,108.23028,6250000000,5,7,79113924
97,2,1,16.04239,108.24358,6300000000,4,14,64948453
97,3,2,16.07044,108.14835,6300000000,3,14,64948453
80,2,2,16.08139,108.24486,6300000000,5,14,78750000
90,2,4,16.05684,108.20377,6400000000,2,14,71111111
76,3,3,16.06438,108.2328,6500000000,5,14,85526315
70,2,2,16.0558,108.22367,6500000000,2,0,92857142
11000000,0,0,16.03581,108.12537,6500000000,0,6,590
72,2,2,16.0558,108.22367,6500000000,2,0,90277777
60,3,4,16.03673,108.22328,6500000000,2,14,108333333
80,3,2,16.08276,108.24231,6500000000,5,14,81250000
80,3,2,16.07686,108.23455,6500000000,5,14,81250000
82,7,7,16.05461,108.24057,6600000000,5,13,80487804
76,4,4,16.04419,108.21829,6600000000,2,14,86842105
167,14,0,16.04696,108.23684,6700000000,4,9,40119760
72,3,3,16.04384,108.21232,6700000000,2,14,93055555
72,3,3,16.04384,108.21232,6700000000,2,14,93055555
72,3,3,16.04384,108.21232,6700000000,2,14,93055555
81,3,3,16.05685,108.24449,6800000000,5,14,83950617
100,4,4,16.0593,108.18531,6800000000,6,14,68000000
100,4,4,16.0593,108.18531,6800000000,6,14,68000000
81,3,3,16.06387,108.18914,6800000000,6,14,83950617
110,3,4,16.09579,108.22874,6900000000,5,14,62727272
98,3,2,16.05504,108.23528,6900000000,5,14,70408163
42,3,3,16.04886,108.21681,6900000000,2,14,164285714
110,3,4,16.09579,108.22874,6900000000,5,14,62727272
88,0,0,16.06986,108.23666,6990000000,5,7,79431818
99,3,3,16.00425,108.22051,6999000000,1,14,70696969
80,0,0,16.04355,108.23758,7000000000,4,7,87500000
80,0,0,16.03513,108.21985,7000000000,2,14,87500000
62,1,1,16.06614,108.24263,7000000000,5,14,112903225
127,0,0,16.01959,108.22899,7000000000,1,7,55118110
70,5,4,16.03272,108.21844,7000000000,2,14,100000000
105,2,2,16.0558,108.22367,7000000000,2,0,66666666
79,0,0,16.04355,108.23758,7000000000,4,7,88607594
132,0,0,16.02611,108.24381,7100000000,4,7,53787878
125,0,0,16.05243,108.1776,7100000000,1,14,56800000
120,4,4,16.02531,108.21319,7100000000,1,14,59166666
123,5,4,16.09745,108.23316,7190000000,5,12,58455284
68,4,4,16.07802,108.21446,7200000000,2,14,105882352
68,4,4,16.07802,108.21446,7200000000,2,14,105882352
68,4,4,16.07802,108.21446,7200000000,2,14,105882352
68,7,7,16.04221,108.2431,7200000000,4,14,105882352
68,4,4,16.07802,108.21446,7200000000,2,14,105882352
80,0,0,16.08061,108.21562,7200000000,2,7,90000000
166,0,0,16.00354,108.21747,7200000000,1,7,43373493
90,4,4,16.03153,108.21871,7300000000,2,14,81111111
162,4,2,16.07146,108.22133,7300000000,2,14,45061728
101,0,0,16.08043,108.23139,7300000000,5,7,72277227
90,4,4,16.03153,108.21871,7300000000,2,14,81111111
80,0,0,16.03845,108.21751,7500000000,2,14,93750000
90,6,6,16.02617,108.24185,7500000000,4,14,83333333
97,3,8,16.03475,108.20878,7500000000,1,14,77319587
90,20,20,16.03357,108.21508,7500000000,2,14,83333333
110,14,14,16.03895,108.2383,7500000000,4,14,68181818
97,3,8,16.03475,108.20878,7500000000,1,14,77319587
88,0,0,16.06986,108.23666,7500000000,5,7,85227272
90,20,20,16.03357,108.21508,7500000000,2,14,83333333
96,0,0,16.03475,108.20878,7500000000,1,14,78125000
90,20,20,16.03357,108.21508,7500000000,2,14,83333333
47,3,2,16.08134,108.22128,7500000000,2,14,159574468
47,3,2,16.08134,108.22128,7500000000,2,14,159574468
90,4,3,16.05783,108.21058,7500000000,6,13,83333333
200,0,0,16.06802,108.24217,7500000000,5,7,37500000
97,3,8,16.03475,108.20878,7500000000,1,14,77319587
90,20,20,16.03357,108.21508,7500000000,2,14,83333333
97,3,8,16.03475,108.20878,7500000000,1,14,77319587
161,2,1,16.05243,108.1776,7500000000,1,14,46583850
75,3,2,16.04812,108.23801,7600000000,4,14,101333333
88,4,3,16.07331,108.24296,7700000000,5,14,87500000
125,3,3,16.0366,108.21528,7750000000,2,14,62000000
86,0,0,16.08122,108.24407,7800000000,5,7,90697674
77,4,3,16.06026,108.243,7800000000,5,14,101298701
124,4,5,16.09745,108.23316,7800000000,5,14,62903225
70,4,3,16.06793,108.18581,7800000000,6,14,111428571
90,0,0,16.02037,108.25541,7800000000,4,7,86666666
108,0,0,16.07614,108.2184,7880000000,2,7,72962962
155,5,7,16.05823,108.21715,7890000000,2,14,50903225
150,1,1,16.10421,108.25944,7900000000,5,14,52666666
44,3,3,16.04537,108.21836,7900000000,2,14,179545454
102,0,0,16.05573,108.23339,7900000000,5,7,77450980
70,8,9,16.06026,108.243,7900000000,5,14,112857142
67,8,8,16.06026,108.243,7900000000,5,14,117910447
61,5,6,16.06546,108.18288,7950000000,6,14,130327868
92,3,3,16.07899,108.2125,8000000000,2,14,86956521
100,4,2,16.06593,108.19247,8000000000,6,14,80000000
79,3,3,16.03844,108.21584,8000000000,2,14,101265822
79,3,3,16.03844,108.21584,8000000000,2,14,101265822
79,3,3,16.03844,108.21584,8000000000,2,14,101265822
92,3,3,16.07899,108.2125,8000000000,2,14,86956521
79,3,3,16.03844,108.21584,8000000000,2,14,101265822
79,3,3,16.03844,108.21584,8000000000,2,14,101265822
92,3,3,16.07899,108.2125,8000000000,2,14,86956521
93,0,0,16.07285,108.23704,8000000000,5,7,86021505
143,3,3,16.08328,108.22888,8000000000,5,14,55944055
90,0,0,16.08053,108.24418,8000000000,5,7,88888888
92,0,0,16.07899,108.2125,8000000000,2,14,86956521
92,3,3,16.07899,108.2125,8000000000,2,14,86956521
80,5,6,16.08814,108.21792,8000000000,2,14,100000000
58,0,0,16.08134,108.22128,8100000000,2,14,139655172
114,0,0,16.09788,108.23003,8200000000,5,7,71929824
79,4,3,16.06899,108.23515,8200000000,5,14,103797468
190,0,0,16.02211,108.24532,8200000000,4,7,43157894
82,0,0,16.06509,108.22178,8300000000,2,14,101219512
65,7,7,16.08814,108.21792,8300000000,2,14,127692307
82,3,3,16.06509,108.22178,8300000000,2,13,101219512
82,3,3,16.06509,108.22178,8300000000,2,13,101219512
82,3,3,16.06509,108.22178,8300000000,2,13,101219512
82,3,3,16.06509,108.22178,8300000000,2,13,101219512
97,0,0,16.06026,108.243,8300000000,5,7,85567010
110,6,4,16.04105,108.23907,8300000000,4,14,75454545
160,0,0,16.01238,108.22979,8300000000,1,7,51875000
90,0,0,16.08327,108.2333,8300000000,5,4,92222222
90,5,6,16.03086,108.22932,8300000000,2,14,92222222
91,0,0,16.08327,108.2333,8300000000,5,7,91208791
83,4,3,16.06509,108.22178,8300000000,2,13,100000000
167,0,0,16.04335,108.22148,8400000000,2,7,50299401
60,7,7,16.05271,108.24424,8500000000,4,14,141666666
60,7,7,16.05271,108.24424,8500000000,4,14,141666666
175,0,0,16.03889,108.24683,8500000000,4,7,48571428
90,3,3,16.04082,108.21551,8500000000,2,14,94444444
100,3,3,16.03124,108.22654,8500000000,2,14,85000000
90,3,3,16.04082,108.21551,8500000000,2,14,94444444
90,3,3,16.04082,108.21551,8500000000,2,14,94444444
120,0,0,16.0721,108.22971,8500000000,5,7,70833333
60,7,7,16.05271,108.24424,8500000000,4,14,141666666
90,3,3,16.04082,108.21551,8500000000,2,14,94444444
90,3,3,16.04082,108.21551,8500000000,2,14,94444444
90,3,3,16.04082,108.21551,8500000000,2,14,94444444
175,0,0,16.03889,108.24683,8500000000,4,7,48571428
115,1,1,16.03692,108.24453,8600000000,4,14,74782608
130,3,2,16.05559,108.23997,8600000000,5,14,66153846
60,7,8,16.05271,108.24424,8600000000,4,14,143333333
99,0,0,16.0558,108.22367,8600000000,2,7,86868686
60,6,6,16.05271,108.24424,8600000000,4,14,143333333
115,1,1,16.03692,108.24453,8600000000,4,14,74782608
100,0,0,16.06986,108.23666,8650000000,5,7,86500000
100,0,0,16.06986,108.23666,8650000000,5,7,86500000
100,0,0,16.06986,108.23666,8650000000,5,7,86500000
100,0,0,16.06986,108.23666,8650000000,5,4,86500000
91,0,0,16.07285,108.23704,8700000000,5,7,95604395
188,5,6,16.0253,108.24753,8700000000,4,12,46276595
66,3,3,16.07728,108.22003,8800000000,2,14,133333333
109,0,0,16.03936,108.21654,8800000000,2,14,80733944
83,4,4,16.04591,108.22215,8800000000,2,14,106024096
60,3,3,16.03328,108.22257,8900000000,2,14,148333333
198,0,0,16.07993,108.23927,8999000000,5,7,45449494
99,4,3,16.07743,108.16546,9000000000,3,0,90909090
120,3,2,16.0721,108.22971,9000000000,5,14,75000000
98,0,0,16.04869,108.23575,9000000000,4,7,91836734
142,0,0,16.05561,108.2387,9000000000,5,7,63380281
120,0,0,16.0721,108.22971,9000000000,5,7,75000000
490,0,0,16.0721,108.22971,9000000000,5,7,18367346
364,0,0,16.02983,108.25417,9100000000,4,7,25000000
97,5,4,15.99357,108.21633,9200000000,1,14,94845360
99,0,0,16.05455,108.22118,9200000000,2,7,92929292
105,5,10,16.07743,108.16546,9200000000,3,14,87619047
102,4,3,16.05441,108.2118,9300000000,6,14,91176470
144,0,0,16.08328,108.22888,9500000000,5,5,65972222
144,4,3,16.08328,108.22888,9500000000,5,14,65972222
114,7,5,16.05451,108.20975,9500000000,2,14,83333333
114,7,5,16.05451,108.20975,9500000000,2,14,83333333
100,4,4,16.07476,108.1755,9500000000,6,14,95000000
58,0,0,16.05817,108.20961,9500000000,6,14,163793103
127,5,5,16.05827,108.174,9500000000,1,14,74803149
90,2,2,16.08327,108.2333,9500000000,5,14,105555555
131,5,4,16.05827,108.174,9700000000,1,14,74045801
100,0,0,16.07757,108.24216,9900000000,5,7,99000000
75,4,4,16.06838,108.19679,9900000000,6,14,132000000
76,2,2,16.06399,108.21426,9990000000,2,14,131447368
144,5,4,16.0669,108.21225,10000000000,6,14,69444444
97,9,9,16.01264,108.25682,10000000000,4,14,103092783
98,3,2,16.03718,108.24387,10000000000,4,14,102040816
160,0,0,15.99357,108.21633,10000000000,1,7,62500000
126,4,4,16.05991,108.2237,10000000000,2,14,79365079
100,4,4,16.03124,108.22654,10000000000,2,14,100000000
153,0,0,16.08737,108.2457,10200000000,5,7,66666666
168,3,3,16.05461,108.24057,10400000000,5,13,61904761
168,3,3,16.05461,108.24057,10400000000,5,13,61904761
168,3,3,16.05461,108.24057,10400000000,5,13,61904761
168,3,3,16.05461,108.24057,10400000000,5,13,61904761
120,0,0,16.03734,108.22095,10500000000,2,14,87500000
215,0,0,16.04371,108.24491,10500000000,4,14,48837209
144,7,7,16.04156,108.22326,10500000000,2,14,72916666
144,4,4,16.03214,108.23095,10500000000,2,14,72916666
215,0,0,16.04371,108.24491,10500000000,4,14,48837209
151,11,11,16.09579,108.22874,10500000000,5,14,69536423
215,0,0,16.04371,108.24491,10500000000,4,14,48837209
120,0,0,16.03734,108.22095,10500000000,2,14,87500000
120,0,0,16.03734,108.22095,10500000000,2,14,87500000
120,0,0,16.03734,108.22095,10500000000,2,14,87500000
215,0,0,16.04371,108.24491,10500000000,4,14,48837209
152,11,11,16.09579,108.22874,10500000000,5,14,69078947
220,0,0,16.09412,108.2287,10700000000,5,7,48636363
140,4,4,16.07446,108.16166,11000000000,3,14,78571428
105,5,5,16.01412,108.19179,11000000000,1,14,104761904
375,0,0,15.98635,108.25687,11000000000,4,7,29333333
375,0,0,15.98635,108.25687,11000000000,4,7,29333333
286,0,0,16.04361,108.20663,11000000000,2,14,38461538
250,3,3,16.02983,108.25417,11000000000,4,12,44000000
375,0,0,15.98635,108.25687,11000000000,4,7,29333333
100,0,0,16.07109,108.18715,11000000000,6,14,110000000
113,3,3,16.0692,108.23681,11000000000,5,12,97345132
286,3,3,16.04361,108.20663,11000000000,2,14,38461538
100,7,3,16.06746,108.19719,11000000000,6,14,110000000
375,0,0,15.98967,108.26234,11000000000,4,7,29333333
102,4,4,16.03363,108.21457,11500000000,2,14,112745098
172,0,0,16.09384,108.24476,11500000000,5,7,66860465
174,12,12,16.09092,108.23327,11700000000,5,14,67241379
138,4,5,16.08061,108.21562,11800000000,2,14,85507246
137,4,5,16.08061,108.21562,11800000000,2,14,86131386
345,3,3,16.02983,108.25417,12000000000,4,14,34782608
90,15,15,16.07331,108.24296,12000000000,5,14,133333333
427,4,4,16.02983,108.25417,12000000000,4,12,28103044
345,4,4,16.02983,108.25417,12000000000,4,12,34782608
345,4,4,16.02983,108.25417,12000000000,4,14,34782608
345,4,4,16.02983,108.25417,12000000000,4,12,34782608
345,3,3,16.02983,108.25417,12000000000,4,12,34782608
345,4,4,16.02983,108.25417,12000000000,4,12,34782608
140,4,4,16.07446,108.16166,12000000000,3,14,85714285
345,4,4,16.02983,108.25417,12000000000,4,12,34782608
427,4,4,16.02983,108.25417,12000000000,4,12,28103044
345,4,4,16.02983,108.25417,12000000000,4,12,34782608
345,4,4,16.02983,108.25417,12000000000,4,12,34782608
427,4,4,16.02983,108.25417,12000000000,4,12,28103044
210,5,5,16.03851,108.24755,12000000000,4,0,57142857
87,0,0,16.05765,108.21816,12000000000,2,14,137931034
345,4,4,16.02983,108.25417,12000000000,4,12,34782608
215,0,0,16.00954,108.20659,12000000000,1,11,55813953
110,2,2,16.03844,108.21584,12000000000,2,14,109090909
427,4,4,16.02983,108.25417,12000000000,4,12,28103044
427,3,3,16.02983,108.25417,12100000000,4,12,28337236
250,3,3,15.99582,108.26936,12300000000,4,14,49200000
427,3,4,15.99582,108.26936,12300000000,4,12,28805620
98,9,10,16.07285,108.23704,12300000000,5,14,125510204
427,3,3,15.99582,108.26936,12300000000,4,12,28805620
70,3,3,16.05085,108.24319,12400000000,4,14,177142857
427,3,3,15.99582,108.26936,12500000000,4,12,29274004
88,0,0,16.0713,108.23822,12500000000,5,7,142045454
427,3,3,16.02983,108.25417,12500000000,4,12,29274004
427,3,3,15.98967,108.26234,12500000000,4,12,29274004
487,9,9,16.04869,108.23575,12500000000,4,1,25667351
427,3,3,15.99582,108.26936,12500000000,4,12,29274004
200,6,6,16.02967,108.24049,13000000000,4,12,65000000
70,2,2,16.05085,108.24319,13000000000,4,14,185714285
72,4,4,16.06746,108.19719,13000000000,6,14,180555555
86,0,0,16.06509,108.21587,13000000000,2,14,151162790
122,0,0,16.02978,108.20874,13000000000,1,7,106557377
192,0,0,16.02374,108.24307,13100000000,4,14,68229166
130,4,4,16.03734,108.22095,13300000000,2,14,102307692
362,4,4,16.02983,108.25417,13345000000,4,12,36864640
120,4,4,16.03346,108.23031,13500000000,2,14,112500000
120,5,5,16.03346,108.23031,13500000000,2,14,112500000
120,5,4,16.03346,108.23031,13500000000,2,12,112500000
135,3,2,16.04335,108.22148,13500000000,2,14,100000000
85,5,5,16.0501,108.20917,13500000000,2,14,158823529
120,4,4,16.03346,108.23031,13500000000,2,12,112500000
120,3,3,16.03189,108.22936,13500000000,2,14,112500000
120,5,5,16.03346,108.23031,13500000000,2,14,112500000
100,0,0,16.0422,108.21353,13500000000,2,14,135000000
64,0,0,16.0501,108.20917,13500000000,2,7,210937500
120,4,4,16.03234,108.23186,13500000000,2,14,112500000
148,0,0,16.06756,108.24001,13500000000,5,7,91216216
120,5,5,16.03346,108.23031,13500000000,2,14,112500000
120,5,5,16.03346,108.23031,13500000000,2,12,112500000
120,5,5,16.03346,108.23031,13500000000,2,14,112500000
210,0,0,16.09384,108.24476,13600000000,5,7,64761904
120,4,4,16.03189,108.22936,13900000000,2,14,115833333
120,4,5,16.03346,108.23031,13900000000,2,14,115833333
204,0,0,16.02976,108.24725,14000000000,4,7,68627450
114,3,3,16.07074,108.23659,14000000000,5,14,122807017
120,6,4,16.03346,108.23031,14000000000,2,14,116666666
120,6,5,16.03346,108.23031,14000000000,2,14,116666666
345,4,4,16.02983,108.25417,14000000000,4,12,40579710
345,4,4,16.02983,108.25417,14000000000,4,12,40579710
350,4,5,16.04812,108.23801,14125000000,4,12,40357142
90,16,16,16.07195,108.20127,14200000000,6,14,157777777
125,6,6,16.0608,108.20521,14200000000,6,14,113600000
90,16,16,16.07195,108.20127,14200000000,6,14,157777777
429,4,4,16.02983,108.25417,14500000000,4,12,33799533
122,5,5,16.0732,108.21208,14500000000,6,14,118852459
120,19,20,16.06886,108.24414,14500000000,5,13,120833333
120,18,18,16.06756,108.20497,14500000000,6,14,120833333
120,5,5,16.03346,108.23031,14500000000,2,12,120833333
90,0,0,16.03971,108.246,14500000000,4,14,161111111
120,3,2,16.03346,108.23031,14900000000,2,14,124166666
120,4,4,16.03189,108.22936,14900000000,2,14,124166666
120,4,3,16.03189,108.22936,14900000000,2,14,124166666
120,3,3,16.03346,108.23031,14900000000,2,12,124166666
200,4,6,16.03346,108.23031,14900000000,2,14,74500000
120,5,4,16.03011,108.22785,14900000000,2,12,124166666
120,5,5,16.03346,108.23031,14900000000,2,12,124166666
120,5,5,16.03346,108.23031,14900000000,2,14,124166666
120,6,5,16.03346,108.23031,14900000000,2,12,124166666
120,4,4,16.03346,108.23031,14900000000,2,14,124166666
120,5,5,16.03346,108.23031,14900000000,2,12,124166666
120,5,5,16.03346,108.23031,14900000000,2,14,124166666
120,5,5,16.03346,108.23031,14900000000,2,12,124166666
120,5,5,16.0489,108.21855,14900000000,2,14,124166666
120,6,5,16.03346,108.23031,14999000000,2,14,124991666
252,4,4,16.01731,108.20852,15000000000,1,14,59523809
300,0,0,16.02051,108.21143,15000000000,1,5,50000000
120,4,4,16.03346,108.23031,15000000000,2,14,125000000
252,4,4,16.01731,108.20852,15000000000,1,14,59523809
211,5,5,16.04892,108.24906,15000000000,4,2,71090047
120,4,4,16.03346,108.23031,15000000000,2,14,125000000
120,4,4,16.03346,108.23031,15000000000,2,14,125000000
125,0,0,16.02978,108.20874,15200000000,1,7,121600000
105,0,0,16.0598,108.23051,15300000000,5,7,145714285
138,22,22,16.04082,108.21551,15300000000,2,13,110869565
138,22,22,16.04082,108.21551,15300000000,2,13,110869565
138,22,22,16.04082,108.21551,15300000000,2,13,110869565
138,22,22,16.04082,108.21551,15300000000,2,13,110869565
440,3,3,16.01412,108.19179,15400000000,1,12,35000000
61,3,3,16.06372,108.22344,15500000000,2,14,254098360
150,0,0,16.03409,108.21264,15500000000,1,7,103333333
125,0,0,16.08562,108.21912,15500000000,2,7,124000000
80,3,4,16.04932,108.2483,15700000000,4,14,196250000
80,3,4,16.04932,108.2483,15700000000,4,14,196250000
80,3,4,16.04932,108.2483,15700000000,4,14,196250000
80,3,4,16.04932,108.2483,15700000000,4,14,196250000
125,17,18,16.07778,108.17364,16000000000,6,14,128000000
125,3,3,16.08562,108.21912,16000000000,2,14,128000000
125,3,3,16.08562,108.21912,16000000000,2,14,128000000
200,4,4,16.02967,108.24049,16000000000,4,14,80000000
176,0,0,16.05745,108.21305,16000000000,2,7,90909090
125,17,18,16.07778,108.17364,16000000000,6,14,128000000
214,0,0,16.04201,108.24233,16000000000,4,7,74766355
125,17,18,16.07778,108.17364,16000000000,6,14,128000000
125,3,3,16.08562,108.21912,16000000000,2,14,128000000
161,0,0,16.08038,108.21367,16000000000,2,14,99378881
100,3,3,16.03686,108.21903,16000000000,2,14,160000000
107,18,18,16.0692,108.23681,16500000000,5,14,154205607
172,0,0,16.05745,108.21305,16500000000,2,7,95930232
107,18,18,16.0692,108.23681,16500000000,5,14,154205607
171,2,1,16.05745,108.21305,16500000000,2,14,96491228
250,0,0,16.02974,108.242,16500000000,4,7,66000000
270,2,2,16.03291,108.24086,16500000000,4,14,61111111
184,0,0,16.05561,108.2387,16500000000,5,7,89673913
250,0,0,16.02974,108.242,16500000000,4,7,66000000
270,2,2,16.03291,108.24086,16500000000,4,14,61111111
270,2,2,16.03291,108.24086,16500000000,4,14,61111111
180,0,0,16.08053,108.24418,16500000000,5,7,91666666
336,0,0,16.10668,108.25931,16600000000,5,7,49404761
93,3,3,16.06372,108.22344,17000000000,2,14,182795698
170,22,22,16.02978,108.20874,17000000000,1,14,100000000
218,5,5,16.04182,108.20864,17000000000,2,12,77981651
122,5,3,16.06448,108.2396,17000000000,5,14,139344262
102,8,15,16.07355,108.24106,17500000000,5,14,171568627
100,0,0,16.08328,108.22888,17500000000,5,7,175000000
100,15,15,16.06986,108.23666,17500000000,5,14,175000000
100,15,15,16.06986,108.23666,17500000000,5,14,175000000
100,15,15,16.06986,108.23666,17500000000,5,14,175000000
100,15,15,16.06986,108.23666,17500000000,5,14,175000000
275,3,2,15.99582,108.26936,17500000000,4,12,63636363
100,5,3,16.08328,108.22888,17500000000,5,14,175000000
118,4,4,16.06417,108.23152,18000000000,5,14,152542372
138,3,2,16.04932,108.2483,18000000000,4,14,130434782
370,2,2,16.02983,108.25417,18000000000,4,12,48648648
535,2,2,16.02983,108.25417,18000000000,4,12,33644859
100,2,2,16.0598,108.23051,18200000000,5,14,182000000
100,2,3,16.0598,108.23051,18200000000,5,14,182000000
152,1,0,16.03277,108.22202,19000000000,2,14,125000000
128,3,2,16.08562,108.21912,19000000000,2,14,148437500
152,1,0,16.03277,108.22202,19000000000,2,14,125000000
152,1,0,16.03277,108.22202,19000000000,2,14,125000000
152,1,0,16.03277,108.22202,19000000000,2,14,125000000
110,0,0,16.08925,108.2494,19700000000,5,7,179090909
150,4,4,16.02967,108.22818,20000000000,2,14,133333333
59,3,3,16.06851,108.20916,20000000000,6,14,338983050
126,4,4,16.0675,108.21977,20000000000,2,14,158730158
126,4,4,16.0675,108.21977,20000000000,2,14,158730158
126,4,4,16.0675,108.21977,20000000000,2,14,158730158
126,4,4,16.0675,108.21977,20000000000,2,14,158730158
125,18,18,16.08562,108.21912,20000000000,2,14,160000000
126,4,4,16.0675,108.21977,20000000000,2,14,158730158
975,0,0,16.03746,108.0676,20475000000,0,7,21000000
90,0,0,16.05436,108.22016,20500000000,2,14,227777777
90,0,0,16.05436,108.22016,20500000000,2,14,227777777
90,0,0,16.05492,108.22213,20500000000,2,14,227777777
300,5,5,15.98967,108.26234,21000000000,4,12,70000000
300,5,5,15.98967,108.26234,21000000000,4,12,70000000
125,3,2,16.04371,108.24491,21000000000,4,14,168000000
300,4,5,15.98967,108.26234,21000000000,4,12,70000000
300,5,5,15.98967,108.26234,21000000000,4,12,70000000
300,4,3,15.98967,108.26234,21500000000,4,12,71666666
244,0,0,16.07778,108.17364,22000000000,6,14,90163934
244,0,0,16.07778,108.17364,22000000000,6,14,90163934
244,0,0,16.07778,108.17364,22000000000,6,14,90163934
251,11,11,16.04112,108.24417,22200000000,4,14,88446215
1056,0,0,16.03746,108.0676,22800000000,0,7,21590909
300,4,4,15.98967,108.26234,23000000000,4,12,76666666
300,5,5,15.98967,108.26234,23000000000,4,14,76666666
300,3,3,15.98967,108.26234,23000000000,4,12,76666666
300,5,5,15.98967,108.26234,23500000000,4,12,78333333
125,6,6,16.06907,108.21542,24500000000,2,14,196000000
125,6,6,16.06907,108.21542,24500000000,2,14,196000000
125,6,6,16.06907,108.21542,24500000000,2,14,196000000
115,0,0,16.06907,108.21542,24500000000,2,14,213043478
125,6,6,16.06907,108.21542,24500000000,2,14,196000000
188,4,4,16.05679,108.21799,26000000000,2,14,138297872
300,17,18,16.10144,108.24623,26000000000,5,1,86666666
300,17,18,16.03799,108.24602,26000000000,4,1,86666666
180,0,0,16.06725,108.24281,26500000000,5,7,147222222
188,6,6,16.06746,108.19719,27000000000,6,14,143617021
187,5,5,16.02983,108.25417,27700000000,4,14,148128342
187,5,5,16.02983,108.25417,27700000000,4,14,148128342
100,21,22,16.05362,108.23785,27900000000,4,14,279000000
7800,0,0,16.0799,108.13589,28000000000,3,4,3589743
257,26,26,16.09579,108.22874,28500000000,5,14,110894941
288,4,5,16.02374,108.24307,28500000000,4,12,98958333
200,21,3,16.0692,108.23681,29000000000,5,14,145000000
200,21,3,16.0692,108.23681,29000000000,5,14,145000000
250,5,5,16.07536,108.20558,30000000000,6,14,120000000
250,5,5,16.07536,108.20558,30000000000,6,14,120000000
250,5,5,16.07536,108.20558,30000000000,6,14,120000000
768,3,3,15.99582,108.26936,30000000000,4,12,39062500
250,5,5,16.07536,108.20558,30000000000,6,14,120000000
250,5,5,16.07536,108.20558,30000000000,6,14,120000000
200,0,0,16.01959,108.22899,30000000000,1,5,150000000
250,5,5,16.07536,108.20558,30000000000,6,14,120000000
170,2,2,16.05823,108.21715,31000000000,2,14,182352941
170,2,2,16.05823,108.21715,31000000000,2,14,182352941
1500,0,0,16.03746,108.0676,33000000000,0,7,22000000
411,2,3,16.04371,108.24491,34000000000,4,14,82725060
490,0,0,16.0721,108.22971,36750000000,5,7,75000000
200,13,14,16.06613,108.24356,39000000000,5,14,195000000
390,32,32,16.09386,108.22773,40000000000,5,1,102564102
150,0,0,16.02983,108.25417,40000000000,4,14,266666666
180,0,0,16.05085,108.24319,42000000000,4,7,233333333
190,2,2,16.06529,108.24424,42000000000,5,14,221052631
290,0,0,16.0734,108.22889,44800000000,5,7,154482758
290,0,0,16.08328,108.22888,44800000000,5,7,154482758
140,31,30,16.04892,108.24906,46000000000,4,14,328571428
140,31,30,16.04892,108.24906,46000000000,4,14,328571428
140,31,30,16.04892,108.24906,46000000000,4,14,328571428
140,31,30,16.04892,108.24906,46000000000,4,14,328571428
300,0,0,16.0598,108.23051,52000000000,5,7,173333333
313,40,40,16.02983,108.25417,55000000000,4,14,175718849
313,40,40,16.02983,108.25417,55000000000,4,14,175718849
180,0,0,16.0692,108.23681,55000000000,5,14,305555555
210,6,6,16.06756,108.20497,59000000000,6,14,280952380
210,6,6,16.06756,108.20497,59000000000,6,14,280952380
818,5,5,16.02983,108.25417,63790000000,4,12,77982885
239,22,24,16.05603,108.24547,65800000000,5,14,275313807
292,27,27,16.06613,108.24356,67000000000,5,14,229452054
292,27,27,16.06613,108.24356,67000000000,5,14,229452054
292,27,27,16.06613,108.24356,67000000000,5,14,229452054
292,27,27,16.06613,108.24356,67000000000,5,14,229452054
292,27,27,16.06613,108.24356,67000000000,5,14,229452054
292,0,0,16.06613,108.24356,67000000000,5,14,229452054
385,0,0,16.0713,108.23822,71000000000,5,7,184415584
618,20,5,16.03084,108.2189,75000000000,2,14,121359223
200,52,55,16.06644,108.24437,77000000000,5,14,385000000
1600,0,0,16.02978,108.20874,80000000000,1,11,50000000
300,78,79,16.05085,108.24319,155000000000,4,14,516666666
917,0,0,16.05224,108.24686,265000000000,4,7,288985823
600,100,100,16.05655,108.24693,450000000000,5,14,750000000
600,100,100,16.05655,108.24693,450000000000,5,14,750000000
62,2,2,16.03851,108.24755,3600000000000,4,0,58064516129
